,Unnamed: 0.1,Unnamed: 0,Index,Customer Id,First Name,Last Name,Company,City,Country,Phone 1,Phone 2,Email,Subscription Date,Website
0,0,0,1,dE014d010c7ab0c,Andrew,Goodman,Stewart-Flynn,Rowlandberg,Macao,846-790-4623x4715,(422)787-2331x71127,marieyates@gomez-spencer.info,2021-07-26,http://www.shea.biz/
1,1,1,2,2B54172c8b65eC3,Alvin,Lane,"Terry, Proctor and Lawrence",Bethside,Papua New Guinea,124-597-8652x05682,321.441.0588x6218,alexandra86@mccoy.com,2021-06-24,http://www.pena-cole.com/
2,2,2,3,d794Dd48988d2ac,Jenna,Harding,Bailey Group,Moniquemouth,China,(335)987-3085x3780,001-680-204-8312,justincurtis@pierce.org,2020-04-05,http://www.booth-reese.biz/
3,3,3,4,3b3Aa4aCc68f3Be,Fernando,Ford,Moss-Maxwell,Leeborough,Macao,(047)752-3122,048.779.5035x9122,adeleon@hubbard.org,2020-11-29,http://www.hebert.com/
4,4,4,5,D60df62ad2ae41E,Kara,Woods,Mccarthy-Kelley,Port Jacksonland,Nepal,+1-360-693-4419x19272,163-627-2565,jesus90@roberson.info,2022-04-22,http://merritt.com/
5,5,5,6,8aaa5d0CE9ee311,Marissa,Gamble,Cherry and Sons,Webertown,Sudan,001-645-334-5514x0786,(751)980-3163,katieallison@leonard.com,2021-11-17,http://www.kaufman.org/
6,6,6,7,73B22Ac8A43DD1A,Julie,Cooley,"Yu, Norman and Sharp",West Sandra,Japan,+1-675-243-7422x9177,(703)337-5903,priscilla88@stephens.info,2022-03-26,http://www.sexton-chang.com/
7,7,7,8,DC94CCd993D311b,Lauren,Villa,"French, Travis and Hensley",New Yolanda,Fiji,081.226.1797x647,186.540.9690x605,colehumphrey@austin-caldwell.com,2020-08-14,https://www.kerr.com/
8,8,8,9,9Ba746Cb790FED9,Emily,Bryant,"Moon, Strickland and Combs",East Normanchester,Seychelles,430-401-5228x35091,115-835-3840,buckyvonne@church-lutz.com,2020-12-30,http://grimes.com/
9,9,9,10,aAa1EDfaA70DA0c,Marie,Estrada,May Inc,Welchton,United Arab Emirates,001-648-790-9244,973-767-3611,christie44@mckenzie.biz,2020-09-03,https://www.salinas.net/
10,10,10,11,bf104C25d0BA4E1,Nichole,Cannon,Rios and Sons,West Devon,Burundi,0647787401,139.476.1068,blandry@henson-harris.biz,2021-04-26,http://www.humphrey.org/
11,11,11,12,bf2fA37cbAd7dDc,Bernard,Ritter,Bradford and Sons,West Francisco,Palau,292.313.1902,(065)075-0554,tammiepope@arroyo-baldwin.com,2022-01-19,http://sellers.biz/
12,12,12,13,4fa8ffcdBbf53bB,Darryl,Archer,Kerr-Cherry,Holtfurt,Uganda,(389)437-1716,092.364.7349x593,woodalejandro@skinner-sloan.biz,2022-04-18,https://www.daniels.com/
13,13,13,14,aBd960429ecd363,Ryan,Li,"Hooper, Cross and Holt",Batesville,Liechtenstein,001-119-787-0125x4500,001-477-254-3645,lmassey@duke.com,2021-03-06,http://nunez.com/
14,14,14,15,2a0c691Ce19C6f3,Vicki,Nunez,"Leonard, Galvan and Blackburn",Barbaraborough,Haiti,(217)474-0312,(098)195-0840x79579,zgrant@sweeney.com,2022-01-30,https://reynolds.com/
15,15,15,16,B58fecf82f997Dd,Sean,Townsend,Preston-Sosa,Velasquezberg,Iran,001-534-283-5153,5786415664,lkline@maxwell.info,2020-05-30,http://www.vargas.biz/
16,16,16,17,41d0201DcF028b5,Sophia,Mathis,Richard-Velasquez,Toddhaven,Switzerland,001-858-762-7896x916,274-147-4185x15182,brockmason@faulkner-may.com,2020-01-23,http://www.vaughn.com/
17,17,17,18,B1A1b09CD5C3b6a,Helen,Potts,"Rangel, Livingston and Patel",Douglasland,Seychelles,(140)862-2659,+1-875-299-7166,carrollmia@donovan-keith.com,2021-07-27,http://www.kennedy-edwards.biz/
18,18,18,19,ba5a73D210dCcE4,Joann,Finley,Harvey PLC,Barrettshire,Montserrat,(941)715-8720x950,155.433.4824x955,gabriela86@sampson.com,2022-04-11,http://www.harrell.com/
19,19,19,20,F6cD561cecdfA6d,Thomas,Walsh,Best-Thomas,Roblesport,Kiribati,679.326.0724,001-305-038-6009,timcoleman@frank-king.org,2020-09-11,http://www.kane.com/
20,20,20,21,dEb9310eec04a8D,Cristina,Lam,Watts-Allison,West Jocelynfort,Korea,4292705811,(086)253-7505x70576,charlotte16@hood-zhang.org,2020-01-04,http://whitehead.net/
21,21,21,22,ed3894D6DE7F711,Vicki,Heath,"Cherry, Schultz and Ruiz",Port Cameronbury,Bangladesh,(889)311-5580x6390,(260)437-9972,alan46@benjamin.com,2020-11-06,https://www.bird.com/
22,22,22,23,EFeFaC727F12CDF,Glenn,Wang,Warner-Hodge,West Rachael,Gabon,834.104.6424x8311,001-741-628-9295,anna80@mata.com,2022-01-01,http://brooks-kerr.com/
23,23,23,24,c5CB6C5bFB91fdC,Darius,Benitez,Giles LLC,Mejiashire,Jersey,+1-797-864-3151x25142,139-216-5379x6030,garrettdurham@olsen.com,2022-02-28,https://washington.com/
24,24,24,25,C30B3E82E8D89cC,Xavier,Cruz,Wiley Ltd,Mindyborough,Latvia,019-418-8625x65148,343.078.5725x91296,andersongrant@pugh.com,2020-02-07,https://www.cohen.info/
25,25,25,26,3d7bE19696ea8Ff,Douglas,Galloway,Duffy Inc,Eileenbury,Mongolia,+1-205-528-2409x137,8018224814,caleb11@velazquez.com,2021-10-24,http://www.mcneil.net/
26,26,26,27,A093aA90fa014FE,Phyllis,Becker,Oneal and Sons,East Andre,Bouvet Island (Bouvetoya),+1-321-505-4969,(756)521-2942,darrylshort@bright-tucker.com,2020-07-02,https://www.farrell.com/
27,27,27,28,a470984c5dBfcC4,Ebony,Murphy,Barry-Martinez,Atkinsfurt,Vanuatu,772-492-3142,(877)635-9717,vpowers@moyer.com,2020-02-17,http://www.dorsey.com/
28,28,28,29,b1d4abfbCb67feE,Tyler,Stevenson,Burns and Sons,North Joannashire,Sri Lanka,001-239-175-8518x52340,596.077.7972x616,mmayo@gilbert.com,2022-03-02,http://www.fry.org/
29,29,29,30,d667bCC84Ff45Bb,Cesar,Bernard,Potter-Ho,Mccormickville,Iraq,165-366-3660x432,+1-579-640-2940x529,damon31@grant-morrison.com,2021-09-04,https://bryan-walters.com/
30,30,30,31,Ccb07E00AFf32bA,Darrell,Santos,Boone-Dawson,Lake Dwayne,Liechtenstein,001-604-858-6371,+1-961-236-3156x46913,hdaniels@mason.com,2021-11-04,http://hammond.com/
31,31,31,32,bd04F2A7BD4F730,Amanda,Santiago,Roberts-Heath,Benjaminchester,United Arab Emirates,218-803-3440x413,1810375857,emmarasmussen@roman-walter.biz,2021-05-06,http://gillespie.com/
32,32,32,33,f1157011c5eDbEB,Marcus,Mcdonald,Hays-Howell,East Brad,Azerbaijan,828.230.1201x748,+1-044-143-4194x927,cesar71@vang-wagner.com,2020-06-25,https://www.williams-mclaughlin.org/
33,33,33,34,7c4c673af703a09,Lauren,Montes,Cohen-Copeland,Tonyville,Armenia,001-999-585-7539x536,838-203-4008x6959,hodgebrenda@roach-winters.com,2021-05-06,https://www.garcia.com/
34,34,34,35,E7D7e40Cf3A03a2,Brent,Hinton,"Petersen, Blackburn and Meyers",Tommyland,Mexico,210.072.7539x0111,+1-043-299-6429,greg77@patel.biz,2021-12-03,http://aguirre.biz/
35,35,35,36,B98BacEebC40DBb,Jill,Mayo,"Woodard, Haas and Mason",Port Carlside,Cuba,+1-160-747-3624x8230,720-580-6452,brandypowers@christensen.com,2020-10-04,http://briggs-johnston.com/
36,36,36,37,d1c0dFab10a8383,Herbert,Byrd,Sheppard-Dougherty,Kimmouth,South Georgia and the South Sandwich Islands,(969)981-1275x78285,802.783.5805,gilloscar@webb.com,2020-02-09,https://www.rowland-lyons.com/
37,37,37,38,f21D2faCa0760A8,Don,Krueger,"Cortez, Hester and Villegas",Melendezland,Guinea,377-366-1889x912,001-379-218-7545x445,trevor14@harvey.com,2020-03-02,http://www.combs.com/
38,38,38,39,11F97CBDd2C8de9,Cheryl,Gonzales,Walton-Drake,Pittmanmouth,Kenya,9016149714,494.355.0333,yvette30@haas-oneill.org,2020-02-26,http://www.tran-juarez.net/
39,39,39,40,BEBA4fDAA6C4adC,Rickey,Mays,"Escobar, Carrillo and Sloan",Hollandshire,United States of America,042-976-4714x26341,245.657.5660,cmcdowell@riley-wolf.org,2020-01-01,http://www.nolan.com/
40,40,40,41,0F2E0b5850404A8,Cassidy,Dillon,Coleman LLC,New Ebony,Liechtenstein,001-433-237-3081x336,956-581-1775x97257,patrick43@stout.com,2021-12-19,https://www.meyer.com/
41,41,41,42,6fF3de1DDbeAaE9,Christina,Bautista,Lane Ltd,Lake Don,Turks and Caicos Islands,(964)671-6776,724-324-0841x953,phenry@tate.biz,2020-11-01,https://warner.com/
42,42,42,43,bcE2C6eaAa1d53c,Alexandra,Castro,"Wall, Clay and Mcintosh",South Lynnton,Swaziland,+1-469-312-3108x01224,(295)194-3972x6683,swalters@harvey.biz,2021-04-11,http://www.vasquez-boyer.biz/
43,43,43,44,fb0eaBDA955AE79,Krystal,Mendoza,"Logan, Boyle and Villegas",West Henry,Panama,001-116-661-7356,001-155-646-7234x7293,mjackson@david.com,2020-09-09,http://www.marks-ray.info/
44,44,44,45,1cE4BEcB6F2D2C3,Ivan,Schroeder,"Peck, Nicholson and Knox",Port Grace,Saint Pierre and Miquelon,524-391-9866,(626)644-4777x075,qgeorge@singh.com,2020-08-16,https://melton-alexander.biz/
45,45,45,46,37a20bF88deF55D,Stephanie,Bradshaw,Tanner LLC,East Paulaville,American Samoa,+1-934-296-1820x843,(364)992-5769x31100,debbie56@baker-olsen.com,2022-03-05,http://jimenez.biz/
46,46,46,47,EE9381bAEbac1eA,Levi,Grimes,"Carpenter, Chang and Bass",Frederickfurt,Heard Island and McDonald Islands,+1-325-527-6948,001-221-413-5502x8170,robertmarks@willis.com,2021-06-12,https://cherry.com/
47,47,47,48,7008F9538b6e3e4,Peter,Sosa,Hensley and Sons,Donaldton,Sao Tome and Principe,983.760.9410x39862,975.082.6989,frederick02@gross.com,2021-07-17,http://www.chandler.info/
48,48,48,49,e6D85CcfDE7ABEd,Valerie,Haney,"Delgado, Rubio and Rose",Harryview,Cuba,001-494-498-9432x8701,(338)636-4041x624,yowens@erickson-charles.com,2020-03-22,https://www.fowler-alvarado.biz/
49,49,49,50,815D27672C2Ba6d,Tom,Gardner,Werner-Bean,New Samuel,Barbados,(318)356-6855x56588,254-202-1771x157,darin81@callahan.com,2022-01-04,http://yang-everett.com/
50,50,50,51,bc9e98FC8e31fB2,Randall,Galloway,Brady Inc,Brightburgh,Isle of Man,(780)249-8976,001-573-469-2316x88660,stuart07@reid.com,2020-12-18,https://hatfield-huff.biz/
51,51,51,52,06c9e9caEBf539F,Perry,Whitaker,Odom LLC,North Jocelynberg,Western Sahara,4490502967,+1-591-072-9759,jennynorton@randall.org,2021-04-27,http://www.hall.com/
52,52,52,53,D02c86e781bA06f,Gloria,Mosley,Calderon Ltd,East Reneefurt,Fiji,296-297-8174x50153,629-157-7866x510,escobardeanna@sawyer-obrien.info,2022-05-06,https://www.huber.info/
53,53,53,54,846D8B34aba64a6,Cameron,Little,Howell Group,North Angel,Netherlands,+1-172-227-4743x55703,914.608.3410,stephen57@sellers.com,2020-11-13,https://collins.org/
54,54,54,55,305B77b17f60849,Glen,Gonzalez,Zamora-Ellis,Lake Isabelberg,Sudan,494-494-0595,788-075-3941,jschmidt@gardner-maldonado.com,2020-07-21,http://holt-mendez.info/
55,55,55,56,610e5F3baCbd25c,Melvin,Day,"Alvarez, Gaines and Sweeney",Jackbury,Reunion,001-139-178-3697x23267,862.271.5668x079,sheila46@ewing.org,2021-12-22,http://becker-warner.net/
56,56,56,57,9F0EbC3b678ad6B,Kent,Salinas,"Shelton, Robinson and Smith",Nicolasfurt,Guatemala,(750)661-7527x2590,429-441-8601x90778,dustindelgado@west-khan.com,2020-02-21,https://www.mora-tapia.info/
57,57,57,58,82dDB5e20CAA2Ce,Stacey,Martinez,"Rasmussen, Bauer and Lyons",Mauriceview,Uzbekistan,001-070-431-1693x963,556.917.6571,mikayla38@lawson-dougherty.com,2020-03-22,https://newman-townsend.com/
58,58,58,59,b78002FEFF5a860,Jennifer,Fleming,Schaefer-Chambers,Shepherdfort,Barbados,(534)969-8263,307-929-8469,stoutalexandria@meza.com,2020-11-24,http://marsh.com/
59,59,59,60,dFe34eAb8614AC0,Teresa,Oconnell,"Mayo, Buchanan and Owen",Lake Douglas,Turkmenistan,104.566.7360x8307,(101)040-3927x72927,hhahn@cantrell.net,2021-12-04,https://www.ellison-strickland.org/
60,60,60,61,aB3351247D3fCD8,Bruce,Bass,"Day, Wiley and Mclaughlin",Juarezbury,China,170-094-5436x7579,+1-006-698-5103x18954,gvang@woods.info,2020-08-10,http://www.goodwin.com/
61,61,61,62,56Df40b19e3c71f,Sarah,Sweeney,Madden-Ho,Mejiamouth,Equatorial Guinea,423.393.5217x1573,592-864-1515,lauren93@daniel-farley.com,2020-07-17,http://www.welch.com/
62,62,62,63,06CF1Fcd5863dF6,Eddie,Salinas,Howard Group,North Frederick,Cook Islands,8092572517,+1-646-938-3344,franklinweiss@porter.net,2020-11-25,https://www.joyce.com/
63,63,63,64,5DcB42c2f8fBfb5,Trevor,Rowland,"Ritter, Fox and English",Deanchester,Nigeria,938.501.2065x13955,6382043216,simpsonraven@liu.com,2022-03-04,http://noble-beard.com/
64,64,64,65,E3F8a6D1033a2FE,Marcus,Chang,"Maynard, Lambert and Blake",North Monica,Western Sahara,479-020-6144x2452,(940)296-5518x52843,deborah61@wagner.com,2021-05-20,http://shaw.com/
65,65,65,66,DA7b906C5aF71d5,Sabrina,Roberts,Stewart-Diaz,Port Pennyton,Bhutan,252-641-5581x7135,001-665-608-1332x173,brittneypotter@boyd-compton.com,2021-01-10,https://walter.com/
66,66,66,67,ccD94BbaEDBBf9E,Norman,French,Becker-Mata,South Emma,Marshall Islands,364-757-7628x522,5684199088,spearsfrank@mclean.com,2021-03-27,https://mccullough.info/
67,67,67,68,41C1B4D2C5b91B7,Lonnie,Novak,Hayden Inc,East Malloryville,French Guiana,810-349-3016,(531)197-7502x296,manuel48@raymond.net,2021-03-22,http://www.knight.com/
